,index,Unnamed: 0,id,user_location,text,created_at,username,lang,retweet_count,reply_count,like_count,quote_count
0,0,0,1464022007608385536,"Ottawa, Ontario Canada","Photographed this very interesting Foreign Minister from NZ. She told me about her face tattoo. Canada talks climate, COVID-19, Indigenous relations in meetings with New Zealand Foreign Minister - The Globe and Mail https://t.co/zteZBfIVuh",2021-11-26 00:03:41+00:00,davechanman,en,0,0,3,0
1,16,16,1464026969800994823,Alberta,Yesterday I said we should send the Covid Cult Karens to Australia but maybe we should send them to be re-educated in Florida?,2021-11-26 00:23:24+00:00,PollardLaw,en,1,1,12,0
2,20,20,1464029004676014082,"Calgary, Alberta","This is your reminder that after almost 2 months of having a vaccine passport in place, STILL nearly 400 Albertans are contracting Covid. Every. Single. Day.
#ableg https://t.co/DhC6pdbbas",2021-11-26 00:31:29+00:00,sjcalgary,en,2,1,7,0
3,22,22,1464031049734778883,Canada,"Anyone have experience crossing the border to get a COVID vaccine in Blaine or Bellingham? Any hassles or payment required? If BC doesn't hurry up, I am going to go to get my 3rd dose. Not waiting until January or later.",2021-11-26 00:39:37+00:00,yul_native,en,1,3,17,1
4,34,34,1464037081823416347,"Vancouver, Canada",StoryTap &amp; Video Marketing During the COVID-19 Pandemic ‚Äì Bernadette Butler #Shorts #Shopify #VideoMarketing #MarketingTips #OnlineMarketingStrategy #VideoStrategy #VideoContentMarketing [Video] https://t.co/d7MqEl2IYX,2021-11-26 01:03:35+00:00,SandraGiffin,en,5,0,1,0
5,38,38,1464039047827972100,"Halifax, Nova Scotia","N.S. reports death of man in his 70s, 22 new cases of COVID-19 | CBC News https://t.co/TpSUQodCd7",2021-11-26 01:11:24+00:00,SH_BordenColley,en,0,0,0,0
6,41,41,1464041123379359744,"Red Earth 29, Saskatchewan",Variant B11529. Vaccine‚Äôs are preventing a negative outcome so far. This really sucks. Why Americans politicized this?  Anti maskers at schools across the country are beyond my comprehension. Priority should be keeping kids safe and in schools. ü§∑,2021-11-26 01:19:39+00:00,ROB_4u1,en,1,2,14,0
7,53,53,1464049225491263493,"Ontario, Canada","Thank you to the @LGLHealthUnit for running a great vaccination clinic. And thanks for administrating my third dose of COVID-19 vaccine. I needed a booster, because of the medication I take. Feels like a weight has been lifted off my shoulders. üíâüíâüíâ",2021-11-26 01:51:50+00:00,GeoffyPJohnston,en,0,0,1,0
8,55,55,1464049066216607745,"Calgary, AB Canada","Thank you for sharing this. I'm missing my kids and grandsons who were forced to move across the country due to # COVID-related reasons. 

Hard to pass the turkey through #Zoom https://t.co/e6HSbCZUO5",2021-11-26 01:51:12+00:00,RobynTBraley,en,0,0,1,0
9,56,56,1464049052857905162,"Halifax, Nova Scotia ","Yes, little late on this folks. https://t.co/otNGtYKuzm",2021-11-26 01:51:09+00:00,HedrickMal,en,0,0,2,0
10,65,65,1464055133327736838,Central Ontario Canada,South African scientists detect new COVID-19¬†variant https://t.co/vNHVifH7N0,2021-11-26 02:15:19+00:00,Oneclickhealth1,en,0,0,0,0
11,79,79,1464059219376844826,"Montr√©al, Qu√©bec",Covid fears back? Rly?,2021-11-26 02:31:33+00:00,TSLAFanMtl,en,0,8,17,0
12,85,85,1464063297813200898,"Calgary, Alberta",Alberta Health says privacy breach possible on province's vaccine passport website https://t.co/SD0qIzFsFB,2021-11-26 02:47:45+00:00,calgarynews,en,0,0,0,0
13,89,89,1464065220188549149,Canada,Dr. Robert Malone: Children Who Have Had COVID Are at Higher Risk of Adverse Effects If You Vaccinate Them (VIDEO) https://t.co/8WDAAv4mHq via @gatewaypundit,2021-11-26 02:55:24+00:00,IBAConservative,en,0,0,1,0
14,106,106,1464077383246491649,"Canada, eh?","""Natural immunity"" isn't. All immunity is acquired. Vaccine-acquired immunity works better. https://t.co/rNgswaQgQR",2021-11-26 03:43:44+00:00,BinaBecker,en,0,1,1,0
15,110,110,1464079366158176269,"Hamilton, Ontario","The Scott Radley Podcast - Burlington Taxi closing its doors after 53 years, 10th anniversary of 'The Best Game Ever' &amp; What's blunted the impact of COVID-19 in Africa?

@radleyatthespec @sptaszek 

https://t.co/uwDmxLgY86",2021-11-26 03:51:36+00:00,AM900CHML,en,0,0,1,0
16,119,119,1464087352779935748,"Vancouver, British Columbia",Canadian academic group concerned with COVID-19 mismanagement - https://t.co/Weqm9vufkC #CanadianInvestor #CanadiansInvest https://t.co/sk6BeDY39X,2021-11-26 04:23:20+00:00,CanadiansInvest,en,0,0,0,0
17,128,128,1464095374281371659,Canada,COVID-19: Privacy breach with Alberta‚Äôs QR code vaccine¬†records https://t.co/vDwBnGRAxV,2021-11-26 04:55:13+00:00,ECIGCANADAZONE,en,0,0,0,0
18,132,132,1464101444815106053,Canada üá®üá¶,FDA Being Sued By Experts for Not Releasing Pfizer Vaccine Data ‚Äì Bright Light News https://t.co/IFUk0Gl1cy,2021-11-26 05:19:20+00:00,LadyAvis20,en,1,0,1,0
19,144,144,1464115515685625858,"Vancouver, British Columbia","Director-General of the WHO confirms Vaccine Passports are discriminatory, Children should not be given the Covid-19 Vaccine, and the Jabs are useless at preventing infection and spread of Covid-19
https://t.co/0NspWZN3XV",2021-11-26 06:15:15+00:00,suzDaFlooz,en,2,1,3,1
20,145,145,1464123548394426373,"British Columbia, Canada","Nurses with U.S. accreditation who spread misleading or incorrect info about COVID-19, vaccines or related treatment can now be subject to discipline, including potential loss of their licence to practice. https://t.co/4fnm8ggzeF",2021-11-26 06:47:10+00:00,COVIDUpdate2020,en,7,2,35,0
21,152,152,1464133765580476416,"Vancouver, British Columbia","Tedros is beginning to sound shallow indeed
https://t.co/reB51vVtrW",2021-11-26 07:27:46+00:00,suzDaFlooz,en,1,0,1,0
22,155,155,1464139750856613916,"Vancouver, British Columbia",COVID-19 in hospitals: B.C. report shows how many infected in acute care | CTV News https://t.co/8tSSHub0LT,2021-11-26 07:51:33+00:00,CarolynCrossCdn,en,0,0,0,0
23,158,158,1464143860985126968,"Qu√©bec, Canada üá®üá¶","""Their patriarch led them through the parade. They marched in his honor."" by BY SARAH MASLIN NIR via NYT New York Times https://t.co/ySdnPF5zZ2",2021-11-26 08:07:53+00:00,DJIMB3RRY,en,0,0,0,0
24,168,168,1464176078491205640,"Vancouver, British Columbia",No letting up: Sudbury‚Äôs health unit reports 47 new cases of COVID-19 https://t.co/33iRzX4NQa https://t.co/82ADF0rNQa,2021-11-26 10:15:54+00:00,starvancouver,en,0,0,0,0
25,191,191,1464202258715971589,"Toronto, Canada",There are more than 160 COVID outbreaks in Ontario elementary schools. What to do before vaccines take hold? - https://t.co/zaf4IwXL4I https://t.co/h8E0aTZXu0,2021-11-26 11:59:56+00:00,dave1agar,en,1,0,0,0
26,193,193,1464206266482544647,"Newmarket, Ontario, Canada","Alarmed by COVID variant detected in South Africa, Europe and Asia tighten borders, ban flights
https://t.co/F1Ztbbs0Aq",2021-11-26 12:15:52+00:00,darrylwolk,en,0,0,0,0
27,194,194,1464206258270093315,Canada,"Watch: Get Vax if You Want to Participate in Society, Senator Tells Ireland https://t.co/q233gmSG9t via @BreitbartNews",2021-11-26 12:15:50+00:00,CSkidoo,en,0,0,0,0
28,203,203,1464218365870940178,Montreal Quebec,"üßêü•∫üò∑
BBC News - Coronavirus: Countries shut borders over new South Africa variant
https://t.co/TNt5saQV1Z",2021-11-26 13:03:56+00:00,GJArsenault,en,0,0,0,0
29,212,212,1464224318242627622,New Brunswick,"Check this out !!
MRNA Pfizer /Moderna causing heart issues

https://t.co/yL2eYmlw4k",2021-11-26 13:27:36+00:00,HSimpsonone,en,0,0,0,0
30,218,218,1464230456358961155,"Toronto, Ontario",Here we go again!!!!  https://t.co/KdX0dznUYC,2021-11-26 13:51:59+00:00,BarakaMounira,en,0,0,1,0
31,231,231,1464246532765540353,Canada,https://t.co/jeIPHF3tIB Coronavirus Crisis: False claims of stillbirths among vaccinated mothers at B.C. hospital slammed as harmful disinformation - CBC https://t.co/rzvr0I4afO,2021-11-26 14:55:52+00:00,Spyrokid77666,en,0,0,0,0
32,235,235,1464248530189656064,"Gatineau, Qu√©bec",$COST the perfect covid stock https://t.co/Fu8pWM2byM,2021-11-26 15:03:48+00:00,fpbegin,en,0,0,0,0
33,237,237,1464250556105428993,"Swift Current, Saskatchewan","Well-articulated opinion piece by my colleague, ‚Å¶@CoryNeudorf‚Å©. ‚ÄòPandemics are different.' Why this isn't the time to assert your individual health rights | CBC News ‚Å¶@SaskHealth‚Å© ‚Å¶@SMA_docs‚Å©  https://t.co/cfyc7heGf8",2021-11-26 15:11:51+00:00,WaskoDr,en,12,2,47,0
34,242,242,1464250495510487042,Canada,"Take note of the media ramping up COVID fear porn:

https://t.co/AIJmLN28O6

https://t.co/Z4oJLIcx3W

https://t.co/rOY6bqL0tB

It's no coincidence that these amp'd up messages start as restrictions start to ease.",2021-11-26 15:11:37+00:00,TheJourneyForth,en,0,0,0,0
35,247,247,1464254589524340736,"Saskatoon, Saskatchewan","New #covidvariant announced by the #WHO ..

Guess ""WHO"" benefited the most today.
Pfizer, Moderna, and Joe Biden https://t.co/gHcu26mTKR",2021-11-26 15:27:53+00:00,jim_duffus,en,5,0,9,0
36,248,248,1464254582872289283,"Ottawa, Ontario","Study shows 'amazing' effectiveness of COVID-19 vaccine in preventing death, hospitalizations https://t.co/dRSHDarKYo via @ottawacitizen",2021-11-26 15:27:51+00:00,squaremum,en,0,0,0,0
37,249,249,1464254558855737345,"Toronto, Ontario",New COVID-19 variant has nations stopping air travel from southern Africa https://t.co/OXESsoNzF5 @globalnews #Covid #B11529,2021-11-26 15:27:46+00:00,ShallimaMaharaj,en,0,0,0,0
38,251,251,1464256569961586694,"Vaughan, Ontario","Cases continue to rise, and Doug Ford isn't doing anything to prevent another deadly wave of COVID-19. We need stronger vaccine mandates, improved ventilation, and safety mandates to mitigate a fifth wave. #onpoli

Our @OntLiberal plan: https://t.co/fb9c6ulSZT https://t.co/fUNByyVlyM",2021-11-26 15:35:45+00:00,StevenDelDuca,en,141,46,516,9
39,257,257,1464258580891287554,"Whitby, Ontario","EU, UK, Israel to halt air travel to southern Africa over new COVID-19 variant https://t.co/V2pf6x4v0W #FoxNews",2021-11-26 15:43:44+00:00,mahabs4life,en,0,0,0,0
40,278,278,1464270678706647041,"Airdrie, Alberta, Canada","If you‚Äôre in need of social support services but don‚Äôt know where to begin looking, our Community Resources web page might be a helpful tool. We‚Äôve taken the guess work out of finding support due to COVID.
Visit https://t.co/9ly97BtUEQ
#Covidresponse #supportservices #airdrie https://t.co/z3PEZNVfd8",2021-11-26 16:31:49+00:00,City_of_Airdrie,en,0,0,1,0
41,281,281,1464272731801751556,"Halifax, Nova Scotia","We will likely never have an antiviral which is a panacea. There‚Äôs usually no such solution to viruses. 30% efficacy if it‚Äôs real is still good. Ivermectin studies show effect in that range.

I have no opinion on this specific treatment.

https://t.co/gGIaYw5g1q",2021-11-26 16:39:58+00:00,SandpiperFax,en,1,3,20,0
42,282,282,1464272691859537922,"Mississauga, Ontario, CANADA","PUBLIC SERVICE NOTICE: A recent wedding ceremony and reception in Mississauga has prompted Peel Public Health (PPH) to instruct attendees to seek immediate COVID-19 testing.
https://t.co/xodoTAF2xR",2021-11-26 16:39:49+00:00,MissiNewsRoom,en,0,0,1,0
43,283,283,1464272673345781760,"Guelph, Ontario","Air purifiers with charcoal filters are needed for accessibility for people with environmental sensitivities, plus they help with covid. Apply to make your business accessible! https://t.co/0kbfaQ5znp",2021-11-26 16:39:44+00:00,erin,en,3,0,9,0
44,285,285,1464272669264728069,Qu√©bec - Canada,"https://t.co/3TJUr8TDpC

@nicireland_news

This is an excellent article Nicole. Are you (or CBC) planing to translate it to french? I guess thousands of french speaking people would be happy to get such accurate information. Thanks for your attention!",2021-11-26 16:39:43+00:00,DrPierreBedard,en,1,2,0,2
45,292,292,1464276762293006336,"Kelowna, British Columbia",Vaccine is not 100% effective. Now with NU variant it‚Äôs more important than ever to wear N95. https://t.co/OPDtGEdVkJ,2021-11-26 16:55:59+00:00,karen_kelowna,en,0,0,1,0
46,297,297,1464278730407170055,"Vancouver, British Columbia",I wonder how the PutSA first crew feels about being banned from traveling to the UK... Maybe they don't care but the symbolism that SA is treated like a country filled with COVID-19 Lepers by the UK kinda stings just a little.,2021-11-26 17:03:48+00:00,denvern3,en,14,13,79,0
47,313,313,1464286739787300865,"Hamilton, Ontario","Lolll idt covid is ever going away. We have a new variant of concern now‚Ä¶ EU says vaccines only valid for 9 months. Lolll first it was 2 doses, now we‚Äôll need more than that to travel to Eu countries.",2021-11-26 17:35:38+00:00,mtaj9,en,0,0,0,0
48,340,340,1464300883085303808,"Toronto, Ontario",Ontario premier ‚Å¶@fordnation‚Å© is right ‚Äî I hope ‚Å¶@JustinTrudeau‚Å© listens &amp; ACTS ‚Äî by calling for a ban on flights from countries with the new &amp; HIGHLY dangerous #COVID19 #B11529Variant. It is #vaccine resistant &amp; easily spread. https://t.co/ZQQBk9MZlR,2021-11-26 18:31:50+00:00,jordanhgreen,en,1,1,2,0
49,351,351,1464308951596552192,"Vancouver, British Columbia","Federal Bill C-2, An Act to provide further support in response to COVID-19, passed 1st reading on Nov. 24. The act amends the Income Tax Act, Canada Worker Lockdown Benefit Act, Canada Recovery Benefits Act, and Canada Labour Code.
https://t.co/0QFdql3vQc",2021-11-26 19:03:54+00:00,InfoActionVPL,en,0,0,1,0
50,357,357,1464310962840817669,Treaty 13 - The Big Smokeüß°,Ont. reports 927 new coronavirus cases and 6 more deaths; highest case count since Sept. 4 | https://t.co/Sx4U1x1sWb https://t.co/J2Y8WgyU9H,2021-11-26 19:11:53+00:00,NorthBelle4,en,0,1,2,0
51,358,358,1464310958344527877,Canada,Canada enacts #travel restrictions for southern #Africa in light of new #COVID19 variant - Global News #Omicron https://t.co/aXd6A1gCVx,2021-11-26 19:11:52+00:00,CometsMum,en,0,0,0,0
52,363,363,1464312947509841924,"St. John's, NL",Canada closing borders to citizens from seven southern African nations https://t.co/iF8FxSrVG0,2021-11-26 19:19:46+00:00,SteveBartlett_,en,0,0,1,0
53,367,367,1464314950877208583,Canada,Conservative MP Richard Lehoux tests positive for COVID-19 https://t.co/pkgKlA0KS6 .Global has had this on for quite a while now. WTF is the reason? Are they doing the job for Trudeau pushing scare tactics?,2021-11-26 19:27:44+00:00,_abiddulph,en,0,0,1,0
54,376,376,1464318990281445379,"Toronto, Ontario",New covid 19 variant. Safe travels everyone. https://t.co/TxxZ4qBi4x,2021-11-26 19:43:47+00:00,XiyaOuyang,en,0,0,0,0
55,379,379,1464321034711023617,"Hamilton, Ontario","New research from @McMasterU in #HamOnt suggests the COVID-19 pandemic has had a significant impact on the mental health of adults over 50. 

The level of depressive symptoms also increased over time.

https://t.co/wpsibEHrXH",2021-11-26 19:51:55+00:00,inthehammer,en,0,0,0,0
56,396,396,1464329016920481800,"New Glasgow, Nova Scotia","Nov. 26: Nova Scotia reports 28 new COVID-19 cases, more school exposures | SaltWire https://t.co/aKc5SnUosv https://t.co/nEVh8fGPGf",2021-11-26 20:23:38+00:00,ngnews,en,0,0,0,0
57,397,397,1464329004937367563,"Toronto, Ontario","You cannot solve a global problem with national thinking. This is true of COVID, climate change, economic issues, etc. https://t.co/Yehtvfe8tG",2021-11-26 20:23:35+00:00,MikeRiverso,en,0,1,0,0
58,401,401,1464333089384058886,"Saskatchewan, Canada",Next week‚Äôs #Yorkton Vaccine clinics https://t.co/sv1wEIKliY,2021-11-26 20:39:49+00:00,KatelinCuthill,en,2,0,14,1
59,411,411,1464339161893249030,"Montreal, Canada","https://t.co/Yptsw4F4gO

üî• White House imposes travel restrictions for Africa amid new COVID-19 variant

#SOUTHAFRICA",2021-11-26 21:03:56+00:00,taypeinternat,en,2,0,2,0
60,425,425,1464345181088534538,Canada,"HEY EVERYBODY!
I got the most wonderful news today. After some research into my multiple anaphylatic allergies vs vaccine situation, it was determined I can get vaxxed!!
I legit burst into tears. It's been so stressful not being able to get the vax.
I'm beyond relieved. https://t.co/esbx87UHox",2021-11-26 21:27:52+00:00,LangWalsh12,en,0,2,12,0
61,426,426,1464345163526987781,Canada,"This is reality of many applicants of 2016 outland spousal waiting interview,5 years. Is COVID an excuse? we don‚Äôt think so. 

We look forward @SeanFraserMP  you help Canadians, their pain at this point is unimaginable. #IRCCbacklog #prioritizefamilysponsorship https://t.co/iO6SZdCFC7",2021-11-26 21:27:47+00:00,RealSSAdvocates,en,3,0,4,0
62,459,459,1464371376408641549,"New Westminster, BC.",Former FDA Commissioner: US Travel Restrictions Over New COVID Strain 'Counterproductive' https://t.co/v01uy5LtLJ,2021-11-26 23:11:57+00:00,BradPorcellato,en,0,0,0,0
63,474,474,1464375350494830592,"Leduc, Alberta","Chart shows how quickly the new coronavirus variant spread in part of South Africa, totally supplanting Delta https://t.co/PUMEzZo66M 
With each variant, why isn't the world getting angrier with China for withholding their data and designs? Why must more of us die without that?",2021-11-26 23:27:44+00:00,MirandumDeiOpus,en,0,0,0,0
64,476,476,1464377372698841090,#GordDowniesCanada,I am reading this dribble from @Ben_S_Harper this is what Albertans are paying this fool a six figure salary The he fool that said it was going to be the #bestsummerever perhaps he should tell the families of the 932 who have died of Covid since July st how great a summer it was. https://t.co/P6Fy6XYjNg,2021-11-26 23:35:47+00:00,MerlinofCanada,en,26,5,64,0
65,482,482,1464381375398629378,"Strathcona County, Alberta","Wondering where we can buy Chapman ice cream in #shpk #strathco and support this exemplary business? Are any local businesses doing the same thing?  If yes, we need to promote them. #covid19 #supportworkers #caring https://t.co/vmSwX9hNME",2021-11-26 23:51:41+00:00,mckitrick_annie,en,0,2,9,0
66,483,483,1464381361645445120,"Outter Space, BC, Canada",This endless pandemic has created a new found strength in many that now realize being a truck driver or working at a shitty job wasn't actually required of them. They're now getting jobs and starting businesses and beginning new chapters in their lives. #covid19,2021-11-26 23:51:38+00:00,heavyequiptrade,en,0,0,0,0
67,490,490,1464385494792294401,"Tri-Cities, British Columbia",Here is how much of a threat the highly transmissible new Omicron variant poses in B.C. https://t.co/87lnsTIQ6D https://t.co/wrQtfOGHNe,2021-11-27 00:08:03+00:00,TriCityNews,en,2,0,1,0
68,491,491,1464385493261500421,"Ontario, Canada","B.1.1.529 (Omicron) now the newest one to watch!

#Omicron
#OmicronIsAirborne

https://t.co/00AgXQVMy3",2021-11-27 00:08:03+00:00,lynnca1972,en,0,1,3,0
69,492,492,1464385486949171201,Oakville ON. Canada,Pakistan needs to act asap and ban people arriving from the new COVID variant affected African countries in order to save Pakistanis from the disease. @GovtofPakistan @ImranKhanPTI @RiffatJabeen18 @SHABAZGIL @imshahidmasood https://t.co/c3vnPtZKYm,2021-11-27 00:08:01+00:00,ka_lodhi,en,0,0,1,0
70,506,506,1464391571542097921,Canada.,"New omicron variant stokes world fears, triggers travel bans - Vancouver Is Awesome https://t.co/67VkTKi5BB #toolate",2021-11-27 00:32:12+00:00,me_nobodyreally,en,0,0,0,0
71,507,507,1464393713262546945,Canada,I hope the next variant will be called Unicron #transformers #COVID19 #coronavirus #planeteater #transformersthemovie,2021-11-27 00:40:43+00:00,simplydashing,en,0,0,0,0
72,513,513,1464397854953414658,"Ottawa, Ontario","Most worrisome thing I‚Äôve seen about the new variant thus far might be Monica, COVID is over and India has reached herd immunity, Gandhi downplaying it. https://t.co/amIegdZVhE",2021-11-27 00:57:10+00:00,YoniFreedhoff,en,10,18,146,3
73,515,515,1464397786909134852,"Regina, Saskatchewan",Variant prompts Canada to ban travellers from southern Africa https://t.co/YPbZTSQeiR,2021-11-27 00:56:54+00:00,leaderpost,en,1,0,2,0
74,522,522,1464401968101736456,"Georgian Bluffs, Ontario","Thread: This is troubling. The ""O"" Covid variant is spreading and we don't have consensus on travel bans from experts. @bogochisaac says they don't work @johnincarlisle says it buys countries time. See next two tweets to listen to what they say. I respect both but a concerned!",2021-11-27 01:13:31+00:00,B2Bspecialist,en,0,1,2,0
75,525,525,1464403990775533573,"Ontario, Canada","Mafia guy, while flicking lighter...

""You need our protection, businesses burn down all the time""

Govt, while firing nurses... 

""You need our vaccine, the healthcare system is being overrun""",2021-11-27 01:21:33+00:00,FishingDoon,en,1,1,4,1
76,538,538,1464412156015878146,Canada,"üìçMore than 30.1 million people in Canada have received their first COVID-19 vaccine
üìç28.9 million second doses and 858,239 third doses have been administered
üìç82.9% of those eligible (5+) have received their first dose, 79.6% at least their second
https://t.co/OaFQ4IrkEf https://t.co/XzMUjwV30p",2021-11-27 01:54:00+00:00,CTVNationalNews,en,21,10,59,2
77,540,540,1464414304619274242,"Brampton, Ontario, Canada",TSX plunges as COVID variant worries spook markets https://t.co/WRSOYNSxNI,2021-11-27 02:02:32+00:00,brampton_news,en,0,0,0,0
78,542,542,1464414244909289476,"Toronto, Canada",Wall St Week Ahead COVID-19 fears reappear as a threat to market https://t.co/fvdNUnGqFC https://t.co/SkbmORaIZK #tech,2021-11-27 02:02:18+00:00,SoumikRoy,en,0,0,1,0
79,567,567,1464432705530122240,Winnipeg Canada,"Oh, the Covid twins. https://t.co/tfP6bTSC5J",2021-11-27 03:15:39+00:00,KWCoachTerry,en,0,0,0,0
80,580,580,1464445094443028487,‚ö°Near & Far ‚ö°Ô∏è Canada,"In the dystopian future that some have envisioned, 2019, the year the precious virus emerged, might be called Year One &amp; everything before that is BC ü¶†
(Before Covid) 
So, by the Covid Cult Reckoning 2021 would be Year 3
&amp; It‚Äôs almost Year 4, by Covid Cult Reckoning üò≥",2021-11-27 04:04:53+00:00,StoneSculptorJN,en,3,0,9,1
81,586,586,1464449309953478656,"Toronto, Canada","...also pointless and cancelled. If you want to attach one of those plastic things that give bras volume when on display to your face, with elastic, please do so in your own home, not for any kind of Covid-19 prevention. https://t.co/yACIHxUTUF",2021-11-27 04:21:38+00:00,vickyyyf,en,0,1,4,0
82,589,589,1464451387824254979,Canada,I am so angry at the world right now. I was finally able to get my last of four children vaccinated on the same day that they announced a new variant that may make it moot.  I believe in vaccination. We could have snuffed out this global virus with an effective global campaign.,2021-11-27 04:29:53+00:00,Unbranded63,en,24,8,180,0
83,593,593,1464455440352354305,Canada ,"#Toronto #police officers to patrol near #COVID vaccination sites as children begin receiving shots
https://t.co/aQw0EEBR0a https://t.co/d0UQIar0Ki",2021-11-27 04:45:59+00:00,thedailycanada,en,0,0,0,0
84,597,597,1464459526749528071,"Toronto, Ontario, Canada",They should double jab him with two shots of Pfizer and let him get Myocarditis or Blood Clots or some other form of Vaxx Injury and 'go-to sleep' for good. A more pleasant form of euthanasia. #coronavirus #Covid_19 #covidvariant #Omicron https://t.co/w0We5Cxkk6,2021-11-27 05:02:14+00:00,BD007Marky,en,0,0,1,0
85,609,609,1464475970665005056,Canada,Due to the Seriousness of the New Omicron COVID Variant the Biden Admin Has Decided to Leave the US Southern Border Completely Open https://t.co/Ghs377lHcv,2021-11-27 06:07:34+00:00,wa_kin_gup,en,22,4,25,0
86,615,615,1464496194025975809,"Calgary, Alberta","And begins again. The Guardian: Omicron: everything you need to know about new Covid variant.
https://t.co/fDCrC5xcmL

via @GoogleNews",2021-11-27 07:27:56+00:00,canadaitaxpayer,en,0,1,0,0
87,617,617,1464498208600510466,Canada,The shift in work happening now is MASSIVE. After covid lockdowns people realize they don't want to be underappreciated at a 9 to 5 job so millions of jobs go vacant. Now millions more will resign because of their work's role in the #ClimateCrisis. #TheBigResignation https://t.co/0HYrhhWdJC,2021-11-27 07:35:56+00:00,wendyweb47,en,0,0,0,0
88,627,627,1464506124426625025,Canada,My aunt has been on a lung transplant list for more than two years but keeps getting bumped for COVID patients who need new lungs because of the damage the virus did to them. She and I both wonder how many of those getting transplants weren't vaccinated but there's no way to know,2021-11-27 08:07:23+00:00,perfidiousSH,en,0,2,5,1
89,632,632,1464526309040668674,Canada,"Fuck covid, what is your opinion of th Krogan Genophage?",2021-11-27 09:27:36+00:00,DUBIOUS_MAXIMUM,en,0,0,0,0
90,637,637,1464554531568631817,Canada,The propaganda says the vaccines are highly effective.  The facts say they're incredibly ineffective.  If you stick to the facts most will call you an idiot.  #VaccinesWork just not the Covid ones.,2021-11-27 11:19:45+00:00,canukgord,en,0,0,0,0
91,658,658,1464596774304325633,"Thompson, Manitoba",What are you grateful for today?  I am grateful that the covid vaccination is available for kids 5 and up. https://t.co/8afYeUAJQH,2021-11-27 14:07:36+00:00,ZBettess,en,1,2,11,1
92,664,664,1464600830363975680,"1 Yonge St., Toronto, Canada",Barbarians-Samoa rugby match off due to 6 coronavirus cases https://t.co/AvCDSeR8s3,2021-11-27 14:23:43+00:00,StarSports,en,0,0,0,0
93,675,675,1464608901379334147,Canada,"Workers in High River, Alberta have rejected Cargill's latest offer, and Cargill has escalated with a lockout notice and the likely scab hiring. @Rankandfileca Cargill correspondent Jeremy Appel reports.
#canlab #abpoli #cdnpoli #essentialworkers #COVID19
https://t.co/bFujPzQju1",2021-11-27 14:55:47+00:00,rankandfileca,en,42,1,64,0
94,683,683,1464618934301302792,Refugee from Ontario,"Not bad for a variant that was supposedly only discovered a few days ago.

https://t.co/s96fYu5PR3",2021-11-27 15:35:39+00:00,jf576837,en,5,5,20,0
95,687,687,1464621005213683717,"Ottawa, Canada","Older adult aged 65 years or older? They should also get their third dose of covid vaccine, now! Also at risk of covid-related complications. 
@VeraEtches @TrevorArnason 
#FluShot
#ThirdDose https://t.co/vXBDpOwNnf",2021-11-27 15:43:53+00:00,jaime_trick,en,0,1,2,0
96,689,689,1464620991066247181,"Vancouver, British Columbia","A geneticist from Stanford University speculated  the Omicron virus was so different to the original l strain, Sars-Cov-2, it could be labelled ‚ÄúSars-Cov-3‚Äù ‚Äì ‚Äúessentially restarting the pandemic‚Äù https://t.co/5uMfdzmbzN",2021-11-27 15:43:50+00:00,BrownieScott,en,1,1,0,0
97,696,696,1464625029388242949,Alberta,"Behringer needs to start making Mastery bridges, amiright??

#guitar #guitarist #offset #indierock #johnnymarr @Johnny_Marr #fender #nusicianswhocantfuck #Pepsi #BlackFriday #coronavirus #FreePalestine #abdl #jazzmaster #masterofjazz #jazzmastererofjazz #Chillwave #OmicronVariant",2021-11-27 15:59:53+00:00,shattmckeen,en,0,1,1,0
98,710,710,1464633067268722691,"Fredericton, New Brunswick",World on alert as U.K. reports cases of omicron COVID-19 variant https://t.co/YwGd2rgO3C #COVID19 #covidvariant,2021-11-27 16:31:49+00:00,drjeff_unb,en,0,0,1,0
99,712,712,1464633046028541960,"lethbridge, alberta","Approved COVID Vaccine for Kids Under 12 - Risks, Safety, Side Effects a... https://t.co/sXhhcy7JgX via @YouTube",2021-11-27 16:31:44+00:00,DianneMShaw,en,0,0,0,0
100,713,713,1464633033311633416,"Truro, Nova Scotia",BRUCE MacKINNON CARTOON: The world is whacked ‚Äî by COVID and climate crises | SaltWire https://t.co/8OE0NkXaGF https://t.co/QOIDbhEcD5,2021-11-27 16:31:41+00:00,trurodaily,en,0,0,0,0
101,725,725,1464641088074002433,"Steinbach, Treaty 1 Territory","A remarkable look into how vaccine hesitancy is shaping the communities in Southern MB, and some of us are trying to heal.

I‚Äôm glad to have contributed to the story with some other good people (and friends). https://t.co/zGbLuuWtiK",2021-11-27 17:03:41+00:00,kyle_penner,en,2,4,43,1
102,726,726,1464643136051982341,Canada,I now have a new thing to add to the list of crazy shir for bts which is apparently cry in front of a pharmacist bc the covid test Fucking touched my tear duct I swear to God,2021-11-27 17:11:50+00:00,seokjinntonic,en,0,1,3,0
103,731,731,1464653191035953153,"Waterloo, Ontario, Canada","#BorisJohnson

Anyone arriving in the #UK will be asked to take a PCR test
They would then have to self isolate until they provide a negative test
Wearing face coverings in shops and on public transport will become compulsory
#Omnicron #Covid_19 #Masks",2021-11-27 17:51:47+00:00,hunkara,en,0,0,0,0
104,744,744,1464665273823334407,"Toronto, Canada","Fauci Says #Omicron Is Likely Already Here, NY Issues Emergency Order https://t.co/zYippRS2Y8 via @thedailybeast",2021-11-27 18:39:48+00:00,PaulStewartII,en,0,0,0,0
105,745,745,1464667300477517834,"Kingston, Ontario","Pfizer/BioNTech, Moderna expect data on shot's protection against new COVID-19 variant soon https://t.co/k1H7uEME5w via @cp24",2021-11-27 18:47:51+00:00,timmins316,en,0,0,0,0
106,747,747,1464669247200800770,Canada,"#Kyman doodle becuse I'm gay like that. I bet Eric has zero sense of personal space and just clings to people haha. 

I got some post covid Kyman coming up,,, and even more Jimmy becuse how can I not

#SouthPark #Kymansp #Kylesp #cartman https://t.co/qMR3pocgVU",2021-11-27 18:55:35+00:00,SLesb0,en,3,0,33,0
107,753,753,1464675319428775940,Canada,"It begins in India, where they have been after him for years for the deaths he's caused. Bill Gates officially wanted for murder by vaccine: https://t.co/f9EFQ68j0T",2021-11-27 19:19:43+00:00,AmazonChronicle,en,2,0,0,0
108,759,759,1464685415160446976,"Nova Scotia, Canada","With 85 new cases today, New Brunswick has passed Nova Scotia in total cases of #COVID19 detected since the beginning of the pandemic.

8,172 total cases in New Brunswick versus 8,169 total cases in Nova Scotia.",2021-11-27 19:59:50+00:00,COVIDNS,en,5,5,11,0
109,763,763,1464689447551832065,"New Brunswick, Canada","Dr. Fauci Says Omicron COVID Variant Likely Already in US, NY Declares State of Emergency - Daily Beast https://t.co/69ibUqAXiE",2021-11-27 20:15:51+00:00,FerL67,en,8,0,9,1
110,766,766,1464689377687130113,"Prince Albert, Saskatchewan","Daily COVID-19 numbers show 73 new cases, five deaths https://t.co/DF5wi638Cv https://t.co/e1762FQaSz",2021-11-27 20:15:34+00:00,princealbertnow,en,0,0,1,0
111,771,771,1464691410427330564,"Montreal, Canada","https://t.co/9ute8ud7Px

As New COVID-19 Variant Emerges, Calls For Global Vaccine Equity Continue

#COVID #GLOBALSOUTH",2021-11-27 20:23:39+00:00,taypeinternat,en,0,0,0,0
112,780,780,1464697474170425348,"Sarnia, Ontario",New York awards first round of Covid-19 vaccine scholarships for kids 5 to 11 https://t.co/g1ciBcLYjp,2021-11-27 20:47:45+00:00,sheilab06007273,en,0,0,0,0
113,787,787,1464701498261135364,"Moncton, NB, Canada","We are going to have to close Canada to people who've been to low vaccination rate countries. There are too many variant possibilities. Visit Cuba and Puerto Rico, not Jamaica or the Dominican Republic.",2021-11-27 21:03:44+00:00,Altavistagoogle,en,0,1,0,0
114,790,790,1464701470222262273,"Muskoka, Ontario",failure of covid compliance https://t.co/XEmXPWVXBA,2021-11-27 21:03:37+00:00,Muskoka411,en,4,3,9,2
115,794,794,1464705548692164613,"CB, Newfoundland",There are towns here in Newfoundland and Labrador.  Just getting there first dose of the covid vaccine.  Mainly because they are isolated and no roads to bring things in.  Everything has to come by boat.,2021-11-27 21:19:50+00:00,DJTibbitts,en,0,0,1,0
116,801,801,1464711563462549511,"Saint John, Nouveau-Brunswick","#Britain, #Germany and #Italy detected cases of the new #Omicron #coronavirus #variant on Saturday and #British Prime Minister Boris Johnson announced new steps to contain the #virus, while more nations imposed #restrictions on travel from Southern #Africa https://t.co/PPiYTc5XGk",2021-11-27 21:43:44+00:00,AhmedSaffar2,en,0,0,0,0
117,825,825,1464733771723333639,"Oakville, Ontario",‚ÄòOmicron‚Äô: How fear of new Covid strain gripped the world ‚Äî RT World News https://t.co/GPEeLX2zIo,2021-11-27 23:11:59+00:00,warlockthunder1,en,0,0,0,0
118,843,843,1464743719979130887,Canada,"Lawyers to sue WHO for 'misleading world over COVID-19 outbreak'
https://t.co/kc5PwsVoxX",2021-11-27 23:51:31+00:00,IBAConservative,en,0,0,0,0
119,845,845,1464747724126007301,Lake Ontario,"""wild speculation"" lol.

I guess the best way to counter ""wild speculation"" is with clear communication on COVID-19. Still seeking that. #onpoli #cdnpoli #cdnmedia https://t.co/p5IkZxXX1x",2021-11-28 00:07:25+00:00,drivandalism,en,0,0,0,0
120,851,851,1464753856735113224,"Poorman 88, Saskatchewan",I‚Äôm in the waiting area for my Covid booster now. They put the kid vaccination area next to the 15 min waiting area. Is this what a slaughter house for pigs sounds like? So much squealing. A little boy just walked out without his shirt yelling ‚ÄúNO!‚Äù,2021-11-28 00:31:47+00:00,phatteststeve,en,0,0,0,0
121,863,863,1464765858807488524,"Ottawa, Ontario","PLEASE READ &amp; RT: possible COVID-19 exposure following a rideshare.
We are looking to contact the driver of a white rideshare car who travelled from Trudeau Int.  Airport in Montreal to the Barrhaven area in Ottawa on November 24.
Read the full PSA here: https://t.co/7EYu1cyxL1 https://t.co/XDhvzu471q",2021-11-28 01:19:29+00:00,OttawaHealth,en,154,13,56,5
122,873,873,1464769819144867849,"Toronto, Ontario","$OCGN ALL the answers you need in the video. We have a vaccine that can provide immunity &amp; stop the transmission of the virus #COVAXIN Republic Economic Summit
 Dr Krishna Ella gives deep insights into Covaxin. @B1llyTh2K3d  @The_RockTrading @LadeBackk 
https://t.co/fyCwooF4s0",2021-11-28 01:35:13+00:00,mikalche,en,32,7,94,6
123,874,874,1464774012584685572,Western Canada,"The Vaccine Moment, part one - by Paul Kingsnorth - The Abbey of Misrule https://t.co/CZHDkgUhxg",2021-11-28 01:51:53+00:00,QC_Trading,en,0,0,0,0
124,884,884,1464782018676412420,Canada,"""COVID-19 outbreaks in Ontario elementary schools have reached a high since the beginning of the school year, with more than 160 current outbreaks, almost double the number from two weeks ago and almost triple the total from a month ago.""
https://t.co/ucofE5mEt5 via @torontostar",2021-11-28 02:23:42+00:00,ChristyCeeCK,en,19,3,45,3
125,917,917,1464814168499007492,"Vancouver, British Columbia","You rock, I rock, business Mamas all over the World rock!  #mask #covid #mom #motivation #inspire #ad https://t.co/2U92PLO6uA",2021-11-28 04:31:27+00:00,MomsDoBusiness,en,0,0,0,0
126,923,923,1464820157562470401,"Ontario, Canada",Anyone done this yet? Covid Omicron Persei 8 #covidvariant https://t.co/435bqpmDKr,2021-11-28 04:55:15+00:00,BeLeafer1986,en,0,0,0,0
127,924,924,1464822188603707398,"British Columbia, Canada","I had my third Covid vaccine dose today. 
The injection site is sore and I feel unwell",2021-11-28 05:03:19+00:00,VI_CYC,en,0,1,0,0
128,925,925,1464824112833081345,"Oakville, Ontario",Anthony Fauci Says COVID-19 Omicron Variant Could Already Be in U.S. https://t.co/kK5bVatIW0,2021-11-28 05:10:58+00:00,warlockthunder1,en,0,0,0,0
129,928,928,1464830320910479360,"Toronto, Ontario",https://t.co/4Tl2MINUDr.                 How about giving it a try! Or everything is just a guess,2021-11-28 05:35:38+00:00,MingSGS,en,0,0,0,0
130,930,930,1464834348260102146,Republic of Alberta,"Happy to announce we‚Äôve launched the Alberta Nationals News website!

We‚Äôll be posting all about #Alberta Separation, #COVID Apartheid, #Canada and more!

RT if you think Alberta should separate!

https://t.co/RHa5FuXgi6

#wexit",2021-11-28 05:51:38+00:00,AlbertaNational,en,23,2,29,0
131,934,934,1464842305832116224,Duncan BC,We had a special request for a bigger vax pass! This is valid in all places! #NoVaccineMandates #NoVaccinePassports https://t.co/xOQzst1EXv,2021-11-28 06:23:15+00:00,IMektin,en,0,0,1,0
132,936,936,1464846512891039744,"Montreal, Canada","https://t.co/2Vpwdg4XAS

Covid: Health Secretary Sajid Javid to detail new measures

#COVID #UK",2021-11-28 06:39:58+00:00,taypeinternat,en,0,0,0,0
133,940,940,1464852368110104581,Center of Canada,‚ÄúSouth African researchers find new COVID variant‚Äù would be a better title https://t.co/sWuxwtFYZv,2021-11-28 07:03:14+00:00,aidan_is_spoon,en,0,0,0,0
134,944,944,1464866499127091203,"Montreal, Canada","https://t.co/RM96lE22Eo

Covid: Cardiff Airport dead without bailout, boss says

#BOSS #COVID",2021-11-28 07:59:23+00:00,taypeinternat,en,0,0,0,0
135,948,948,1464868623504269320,"Qu√©bec, Canada üá®üá¶","""How Omicron, the New Covid-19 Variant, Got Its Name"" by BY VIMAL PATEL via NYT New York Times https://t.co/EVSe65GDQC",2021-11-28 08:07:50+00:00,DJIMB3RRY,en,0,0,0,0
136,955,955,1464892767407120386,"East Gwillimbury, Ontario",Please do educate yourself about fascism (hint right wing politically). Getting vaccinated against Covid will help stop the virus and the pandemic - it‚Äôs for the greater good of humankind. https://t.co/DRG6kxsNy4,2021-11-28 09:43:46+00:00,lmv6719,en,1,0,0,0
137,960,960,1464916907476361216,"Ottawa, Ontario","""Divided on COVID-19 vaccines but reliant on community, this Manitoba town tries to find its way back together""  https://t.co/sYaOB532id",2021-11-28 11:19:42+00:00,WinstonDeGres,en,1,1,3,0
138,974,974,1464934983978696710,"Charlottetown, Prince Edward Island","Great Nova Scotian tartan COVID mask, albeit significantly less effective than N-95 https://t.co/VdInbvASZR",2021-11-28 12:31:32+00:00,sdpate,en,0,0,0,0
139,980,980,1464943144361992192,Canada,Dr. Hotez: New Covid Variant 'Likely' Already in the United States https://t.co/i9W7RqmIA1 via @YouTube,2021-11-28 13:03:57+00:00,ereditsh,en,1,0,2,0
140,986,986,1464955125097766918,"Toronto, Ontario","It's the first big snowfall of the season! Winter weather travel advisories are in effect. 

PLUS: More countries are reporting cases of the latest COVID variant of concern. 

Your CityNews 680 TO GO with @RicheyChristine &amp; @TheAsherRoth. 

Listen live: https://t.co/ayThHdDgQz. https://t.co/UxPwAA887U",2021-11-28 13:51:34+00:00,CityNewsTO,en,4,2,8,0
141,991,991,1464961233153634305,quebec city centre ville de  charlesbourg,"Covid-19 Variant Will Not Impact Black Friday, Cyber Monday Sales: Analysts https://t.co/JQLGQn5DZF via @VidhiTweets",2021-11-28 14:15:50+00:00,velomarc,en,0,0,0,0
142,992,992,1464961231903768577,"Toronto, Canada","NEW: Ontario is reporting 964 new cases of COVID-19 and one new COVID-related death.

The province's 7-day average is 761, up by approx. 18% from last week.

#onpoli",2021-11-28 14:15:50+00:00,ahmadeofficial,en,7,1,21,1
143,1017,1017,1464987386623021057,"Ontario,Canada",The New COVID Variant Scam was Simulated in Israel Weeks before it was ‚ÄúDiscovered‚Äù - Medical Kidnap https://t.co/RF2x1kJ42v https://t.co/6A7tBYZ3jd,2021-11-28 15:59:45+00:00,poorcanuck,en,0,0,1,0
144,1022,1022,1464989399226241029,"Ontario, Canada","Oh no everyone! Covid now causes diabetes and if you already have diabetes, then you're gonna get real real sick (says but BS media) https://t.co/ECd3QyHBzC",2021-11-28 16:07:45+00:00,ChickenGate,en,3,4,8,1
145,1032,1032,1465001490498695172,Rockwood ON üá®üá¶‚ù§Ô∏èüá®üá¶,"Maybe a super strong Covid variant will finally smarten up the covidiots, or kill them off. Im good with either choice",2021-11-28 16:55:48+00:00,marlene4719,en,5,14,56,2
146,1033,1033,1465001455698386947,"Vancouver Ê∫´Âì•ËèØ, Canada Âä†ÊãøÂ§ß üá®üá¶","Dutch, Australians find omicron variant; others curb travel https://t.co/LNiyxmD750 via @CTVNews #COVID19 #COVID_19 #Australia #Netherlands #OmicronVariant #aviation #AirTravel",2021-11-28 16:55:40+00:00,iChinadian,en,0,0,1,0
147,1039,1039,1465005484784640010,"Toronto, Ontario","AR Governor ‚ÄúWe are making great progress on vaccination‚Äù. 

No, you are not.  Less than 50%. 

Don‚Äôt lie to your people.",2021-11-28 17:11:40+00:00,datachick,en,2,1,10,0
148,1044,1044,1465011504172969991,"Ontario, Canada","Excellent review of what went right and mainly went wrong during the first many months of Covid.
https://t.co/kbAEB5xp3l",2021-11-28 17:35:35+00:00,Anntwerp,en,0,0,1,0
149,1050,1050,1465015631640776705,Canada ,"The newest coronavirus variant is raising alarms. The pandemic is not over.

https://t.co/eFPj7cKrJF",2021-11-28 17:51:59+00:00,proudCanadavet,en,0,0,1,0
150,1071,1071,1465035712403804175,"Toronto, Canada",Pfizer to Update Vaccine in 100 Days If Omicron Variant Is Resistant #COVID19 #covidvariant    https://t.co/yvZhkUcPhi,2021-11-28 19:11:47+00:00,IFrydman,en,0,0,0,0
151,1072,1072,1465037721056030731,"Ontario,Canada",¬ª Pfizer Was Aware of Over 50K Serious COVID Vaccine Reactions Within Months of Distribution https://t.co/a25CIeliyJ,2021-11-28 19:19:46+00:00,poorcanuck,en,0,0,0,0
152,1081,1081,1465043754528739332,"Toronto, Ontario","Globally, companies are indicating that they will invest even more in artificial intelligence (AI) in response to the COVID-19 pandemic and its acceleration of digital transformation initiatives. #softwaredevelopment https://t.co/OvC8sGWwqW https://t.co/I3Zr0fO1qt",2021-11-28 19:43:44+00:00,SynergoGroup,en,1,0,0,0
153,1087,1087,1465047786580234249,"Montreal, Canada","https://t.co/SFtQgto7Ok

Rugby teams stranded in S Africa over Covid cases

#AFRICA",2021-11-28 19:59:46+00:00,taypeinternat,en,0,0,0,0
154,1099,1099,1465059906680246276,"Hamilton, Ontario",I hope that Bergevin is doing well in his recovery from Covid-19.,2021-11-28 20:47:55+00:00,AZadarski,en,5,5,141,1
155,1103,1103,1465063854183010304,Montreal Canada,Wish I could have had this much fun when I got my Covid vaccine!! https://t.co/L0hhXft9M4,2021-11-28 21:03:37+00:00,DrSherifEmil,en,1,1,10,0
156,1110,1110,1465069969545256967,Wasaga Beach Ontario Canada,"We are no longer dealing with intelligent life. In Germany ""you must be vaccinated against COVID before a euthanasia group will help you kill yourself."" https://t.co/LhsPfU7EtZ",2021-11-28 21:27:55+00:00,ptbailey58,en,0,0,0,0
157,1117,1117,1465078009703055366,"Caraquet, Nouveau-Brunswick","""Living with COVID"", yes we are üòï

#NBpoli
#NBhealth https://t.co/DSip9dSv63",2021-11-28 21:59:52+00:00,LArtdelInfusion,en,0,0,6,0
158,1121,1121,1465077931324022791,"Vancouver, BC",South African medical association says Omicron variant causes ‚Äòmild disease.‚Äô https://t.co/a7P1WcnCYI https://t.co/YMQ5xHiIhC,2021-11-28 21:59:33+00:00,winsontang,en,0,0,0,0
159,1129,1129,1465088028573986817,"Calgary, Alberta","Ontario confirms first two cases of Omicron COVID-19 variant in Canada
https://t.co/Xd1tH41ZU7",2021-11-28 22:39:40+00:00,DailyHiveYYC,en,0,0,0,0
160,1141,1141,1465096089485279233,"Kamloops, British Columbia",Ur telling me this is the New Covid Variant?ü§™ #Unicron #OmicronVariant #COVID19 https://t.co/4mUH9uolpk,2021-11-28 23:11:42+00:00,jarnarsab,en,0,0,0,0
161,1151,1151,1465100181456752643,Canada,Anti-vaxxer vegan died from Covid in hospital after refusing jab because had been tested on animals | Daily Mail Online https://t.co/wfHZtpKxJg,2021-11-28 23:27:58+00:00,Hephaestus7,en,2,0,1,0
162,1152,1152,1465102048236560389,Canada,"Hopefully next time a covid variant pops up we can stop ourselves from collectively shitting a brick. Don't let scary names and headlines fool you into making bad decisions. Keep your cool, follow your plan. #Omicron #crypto #BTC  #ETH",2021-11-28 23:35:23+00:00,Colossal_Crypto,en,0,0,0,0
163,1161,1161,1465108170020253699,"British Columbia, Canada",China says zero-Covid policy will protect it against Omicron variant https://t.co/ZWhthngy6Q,2021-11-28 23:59:42+00:00,a_longhurst,en,5,0,13,2
164,1163,1163,1465108114240204808,"Vancouver, BC, Canada",#US will restrict travel from #SouthAfrica and seven other southern African countries to try to contain a new coronavirus variant spreading there. https://t.co/TWtlqdu9Gq,2021-11-28 23:59:29+00:00,TheAfroNews,en,0,0,0,0
